{
    "dimension": 3,
    "solver_plane": {
        "origin": [
            0.0,
            0.0,
            0.0
        ],
        "normal": [
            0.0,
            -1.0,
            -3.6199901387590216e-06
        ],
        "u_axis": [
            1.0,
            0.0,
            0.0
        ],
        "v_axis": [
            0.0,
            -3.6199901387590216e-06,
            1.0
        ],
        "width": 2.0,
        "height": 2.0
    }
}