{
    "dimension": 3,
    "interior_only": true,
    "is_screened": false,
    "solver_plane": {
        "origin": [
            0.0,
            0.16897515952587128,
            0.0
        ],
        "normal": [
            0.0,
            -1.0,
            -4.371138828673793e-08
        ],
        "u_axis": [
            1.0,
            0.0,
            0.0
        ],
        "v_axis": [
            0.0,
            -4.371138828673793e-08,
            1.0
        ],
        "width": 2.0,
        "height": 2.0
    }
}